path,bytes,sha256
.gitignore,83,964553b6c343576e621a2f5878df0f4dd1e7303bd9efafb8692e45eed0ead218
.zenodo.json,780,71bcde48eeec37fe833b085da4a1673e20666a24773a3cd6491d9e9bdc858ccb
CITATION.cff,517,53b2c952357f52712863185a24d6033066692f564a776587f1953ac2c720811e
configs/visdrone.yaml.example,322,63bde87937f9c125a3ec2400f2f5f2cbc927bdd4b86b2a0945cb3d7a7afc7aaf
environment.yml,332,4ea0e8e51486893debfdeee09f178c87c3afab0fb63b073adf96142f9b378b0f
fdsa_yolo/__init__.py,189,c9499ef3b19d13501ee3a7474147a4aaa05917635a04d1d6c753f071117d62fb
fdsa_yolo/block.py,6940,e2c62903fa2a3d6539aac4f9d1288c70baf9d598f7a22cf6f7a11af010db54a3
LICENSE,34523,0d96a4ff68ad6d4b6f1f30f713b18d5184912ba8dd389f86aa7710db079abcb0
models/yolov8n_fdsa.yaml,981,a9e134931cd8e6fe046c7d54017520f5240157d722df52436e905fdd47c3bc16
models/yolov8n_pfm_dsa_no_scfr.yaml,1051,b4ae40b57f0b3a4d42c88aad0f95647ea980bee2dbff7b7864b5e10d31152807
models/yolov8n_pfm_only.yaml,1035,9049c8dcda1e8babcbc37f9102503482fb57a63a68ca240632ff8841096c6344
models/yolov8n_scfr.yaml,960,96095eac05fd08f508df3935d78fe2dd5b31850a21061035062cec1f5db537c1
models/yolov8n_scfr_pfm.yaml,977,3fdc376749877a2a6519ca34142d2ef9b3a51a22fff6fa16dd0bab197367809c
patches/ultralytics-8.4.51-fdsa.patch,1598,deeb4f2c6bf4c11b2e2b98709f246bcc6da3489c2a6c920e3607d23a426dc944
README.md,4586,8704ffb35951fef6470cea242b6f3cafd2d57cb46f5417a4bcdc2c1d2f02013b
RELEASE_NOTES_v1.1.0.md,258,eabc7d5a4b01f63087eae3fe62b2a9a8f5f1b089570b6b5a7cfabd01e99e1f48
RELEASE_NOTES_v1.2.0.md,318,29c89adb081b7365281e39f2e7e468eb869ab23755f6f944af531a24ced68106
RELEASE_NOTES_v1.3.0.md,246,2ec5f0c48c4a1ae431814a6f406428d280191f536bab477b404a88f7efab58d4
RELEASE_NOTES_v1.3.1.md,214,aae71d5f650726393781f0e894d4eeeb6808ec61d56961d58771741061d604cb
requirements-lock.txt,154,72a764bdee1e129d31ef44aa49e5e100c1230a40a796b11d36b821e5553cc044
scripts/benchmark_latency.py,1917,4af858e8f9b3ef4fb61eca2292cd91b6c98b90d3b6249c71926ab36e16ad507e
scripts/install_patch.py,977,9ec889eaad85d3e8fd00c9d579c1a6286172b44d8a4846139bf8092d9e8edeb2
scripts/run_drones_ablation.py,29529,f747dce1e8387a2bffdc1b378bee1b471bade05a15258b06b55e7dc594f99ac9
scripts/run_drones_editor_benchmarks.py,46910,4c0f1168724899884ffa59f43027c4340c4c9d89e2a695214372ea530c61b8e8
scripts/run_evidence.py,52459,42f47b058352d2fa22553ada9e756557b39bc605670ffca8d010022850a35d3a
scripts/run_fdsa_weather_probe.py,32777,84dd77d8f96b5bae0ca4fae029d896ef9325bb043dbcf149c8cad38843a6a16d
scripts/smoke_test.py,961,feab16235fb4d2ef8442984068e9ea52af1680aa71e288136901d591b5f31098
scripts/train.py,1168,3d1b633e8fac93c2211eeb2d0cedef1a80e5ec8d87d871421f3c562c14108765
scripts/validate.py,2023,3310521d2aa38bb6cd8882aa3acf4a71bc5c51237868c116da6483052a369a94
